Pod_name,Job_name,Job_submit,Pod_create,Pod_start,Pod_end,Pod_wait_create,Pod_wait_run,Pod_wait_total,Pod_running_time,Pod_total_time,Running node,Requests_memory,Limits_memory,Requests_cpu,Limits_cpu,Requests_gpu,Limits_gpu
default-gpu-test-1-test-gpu-0,gpu-test-1,0001-01-01 00:00:00,0001-01-01 00:00:00,0001-01-01 00:00:00,0001-01-01 00:04:30,0.0,0.0,0.0,270.0,270.0,k8s20-74,800m,1,1000Mi,2000Mi,0,0
default-gpu-test-1-test-gpu-1,gpu-test-1,0001-01-01 00:00:00,0001-01-01 00:00:00,0001-01-01 00:00:00,0001-01-01 00:04:32,0.0,0.0,0.0,272.0,272.0,k8s20-74,800m,1,1000Mi,2000Mi,0,0
default-gpu-test-1-test-gpu-2,gpu-test-1,0001-01-01 00:00:00,0001-01-01 00:00:00,0001-01-01 00:00:00,0001-01-01 00:04:34,0.0,0.0,0.0,274.0,274.0,k8s20-74,800m,1,1000Mi,2000Mi,0,0
default-gpu-test-1-test-gpu-3,gpu-test-1,0001-01-01 00:00:00,0001-01-01 00:00:00,0001-01-01 00:00:00,0001-01-01 00:04:28,0.0,0.0,0.0,268.0,268.0,k8s20-74,800m,1,1000Mi,2000Mi,0,0
default-gpu-test-1-test-gpu-4,gpu-test-1,0001-01-01 00:00:00,0001-01-01 00:00:00,0001-01-01 00:00:00,0001-01-01 00:04:36,0.0,0.0,0.0,276.0,276.0,k8s20-74,800m,1,1000Mi,2000Mi,0,0
default-gpu-test-1-test-gpu-5,gpu-test-1,0001-01-01 00:00:00,0001-01-01 00:00:00,0001-01-01 00:00:00,0001-01-01 00:04:31,0.0,0.0,0.0,271.0,271.0,k8s21-74,800m,1,1000Mi,2000Mi,0,0
default-gpu-test-1-test-gpu-6,gpu-test-1,0001-01-01 00:00:00,0001-01-01 00:00:00,0001-01-01 00:00:00,0001-01-01 00:04:35,0.0,0.0,0.0,275.0,275.0,k8s21-74,800m,1,1000Mi,2000Mi,0,0
default-gpu-test-1-test-gpu-7,gpu-test-1,0001-01-01 00:00:00,0001-01-01 00:00:00,0001-01-01 00:00:00,0001-01-01 00:04:39,0.0,0.0,0.0,279.0,279.0,k8s21-74,800m,1,1000Mi,2000Mi,0,0
default-gpu-test-1-test-gpu-8,gpu-test-1,0001-01-01 00:00:00,0001-01-01 00:00:00,0001-01-01 00:00:00,0001-01-01 00:04:33,0.0,0.0,0.0,273.0,273.0,k8s21-74,800m,1,1000Mi,2000Mi,0,0
default-gpu-test-1-test-gpu-9,gpu-test-1,0001-01-01 00:00:00,0001-01-01 00:00:00,0001-01-01 00:00:00,0001-01-01 00:04:37,0.0,0.0,0.0,277.0,277.0,k8s21-74,800m,1,1000Mi,2000Mi,0,0
default-gpu-test-2-test-gpu-0,gpu-test-2,0001-01-01 00:00:01,0001-01-01 00:00:01,0001-01-01 00:00:01,0001-01-01 00:05:44,0.0,0.0,0.0,343.0,343.0,k8s21-74,4,4100m,2000Mi,4000Mi,0,0
